title,type,episodes,rating,score,rank,popularity,members,favorites,premiered,studio,genre
Fullmetal Alchemist: Brotherhood,TV,64,R - 17+ (violence & profanity),9.25,1.0,4,1199091,106895,Spring 2009,Bones,"Action, Adventure, Comedy, Drama, Fantasy, Shounen"
Kimi no Na wa.,Movie,1,PG-13 - Teens 13 or older,9.19,2.0,33,730076,34912,,CoMix Wave Films,"Drama, Romance"
Gintama°,TV,51,R - 17+ (violence & profanity),9.15,3.0,383,198744,5668,Spring 2015,Bandai Namco Pictures,"Action, Comedy, Historical, Sci-Fi, Shounen"
Steins;Gate 0,TV,23,PG-13 - Teens 13 or older,9.15,4.0,323,223989,1882,Spring 2018,White Fox,"Sci-Fi, Thriller"
Steins;Gate,TV,24,PG-13 - Teens 13 or older,9.14,5.0,8,1010330,92423,Spring 2011,White Fox,"Thriller, Sci-Fi"
Ginga Eiyuu Densetsu,OVA,110,R - 17+ (violence & profanity),9.11,6.0,671,124993,8567,,"Artland, Magic Bus","Sci-Fi, Drama"
Gintama&#039;,TV,51,PG-13 - Teens 13 or older,9.11,7.0,342,215527,4549,Spring 2011,Sunrise,"Action, Sci-Fi, Comedy, Historical, Shounen"
Hunter x Hunter (2011),TV,148,PG-13 - Teens 13 or older,9.11,8.0,35,720920,64375,Fall 2011,Madhouse,"Action, Adventure, Shounen"
3-gatsu no Lion 2nd Season,TV,22,PG-13 - Teens 13 or older,9.1,9.0,990,85744,2257,Fall 2017,Shaft,"Drama, Seinen, Slice of Life"
Gintama&#039;: Enchousen,TV,13,PG-13 - Teens 13 or older,9.07,10.0,685,123572,1509,Fall 2012,Sunrise,"Action, Comedy, Historical, Sci-Fi, Shounen"
Gintama Movie 2: Kanketsu-hen - Yorozuya yo Eien Nare,Movie,1,PG-13 - Teens 13 or older,9.04,11.0,826,105458,1395,,Sunrise,"Action, Sci-Fi, Comedy, Historical, Shounen"
Koe no Katachi,Movie,1,PG-13 - Teens 13 or older,9.04,12.0,77,511915,19815,,Kyoto Animation,"Drama, Shounen"
Gintama.,TV,12,PG-13 - Teens 13 or older,9.02,13.0,934,91695,1237,Winter 2017,Bandai Namco Pictures,"Action, Comedy, Historical, Sci-Fi, Shounen"
Owarimonogatari 2nd Season,TV,7,R - 17+ (violence & profanity),9.02,13.0,762,113928,2432,Summer 2017,Shaft,"Comedy, Mystery"
Clannad: After Story,TV,24,PG-13 - Teens 13 or older,9.01,14.0,55,607387,47380,Fall 2008,Kyoto Animation,"Slice of Life, Comedy, Drama, Romance"
Gintama,TV,201,PG-13 - Teens 13 or older,9.01,15.0,95,459031,33781,Spring 2006,Sunrise,"Action, Sci-Fi, Comedy, Historical, Shounen"
Haikyuu!!: Karasuno Koukou VS Shiratorizawa Gakuen Koukou,TV,10,PG-13 - Teens 13 or older,8.99,17.0,274,252062,4154,Fall 2016,Production I.G,"Comedy, Sports, Drama, Shounen"
Code Geass: Hangyaku no Lelouch R2,TV,25,R - 17+ (violence & profanity),8.95,18.0,22,791396,44230,Spring 2008,Sunrise,"Action, Sci-Fi, Drama, Mecha"
Sen to Chihiro no Kamikakushi,Movie,1,PG - Children,8.92,19.0,39,705769,15412,,Studio Ghibli,"Adventure, Drama"
Made in Abyss,TV,13,R - 17+ (violence & profanity),8.91,20.0,178,326011,11817,Summer 2017,Kinema Citrus,"Sci-Fi, Adventure, Mystery, Drama, Fantasy"
Shigatsu wa Kimi no Uso,TV,22,PG-13 - Teens 13 or older,8.88,21.0,37,717655,39664,Fall 2014,A-1 Pictures,"Drama, Music, Romance, Shounen"
Haikyuu!! Second Season,TV,25,PG-13 - Teens 13 or older,8.87,22.0,171,333808,6571,Fall 2015,Production I.G,"Comedy, Sports, Drama, Shounen"
Kizumonogatari III: Reiketsu-hen,Movie,1,R - 17+ (violence & profanity),8.87,23.0,649,129997,1541,,Shaft,"Action, Mystery"
Shouwa Genroku Rakugo Shinjuu: Sukeroku Futatabi-hen,TV,12,PG-13 - Teens 13 or older,8.87,24.0,1107,74830,1395,Winter 2017,Studio Deen,"Drama, Historical, Josei"
Gintama.: Shirogane no Tamashii-hen,TV,12,PG-13 - Teens 13 or older,8.85,25.0,1724,42265,393,Winter 2018,Bandai Namco Pictures,"Action, Sci-Fi, Comedy, Historical, Shounen"
Mushishi Zoku Shou 2nd Season,TV,10,PG-13 - Teens 13 or older,8.83,26.0,727,118257,701,Fall 2014,Artland,"Adventure, Fantasy, Historical, Mystery, Seinen, Slice of Life"
Cowboy Bebop,TV,26,R - 17+ (violence & profanity),8.81,27.0,38,707773,39145,Spring 1998,Sunrise,"Action, Adventure, Comedy, Drama, Sci-Fi"
Hajime no Ippo,TV,75,PG-13 - Teens 13 or older,8.8,28.0,313,229504,10765,Fall 2000,Madhouse,"Comedy, Sports, Drama, Shounen"
Mononoke Hime,Movie,1,PG-13 - Teens 13 or older,8.8,29.0,79,507499,10689,,Studio Ghibli,"Action, Adventure, Fantasy"
Code Geass: Hangyaku no Lelouch,TV,25,R - 17+ (violence & profanity),8.79,30.0,9,986897,63614,Fall 2006,Sunrise,"Action, Sci-Fi, Drama, Mecha"
Rurouni Kenshin: Meiji Kenkaku Romantan - Tsuioku-hen,OVA,4,R - 17+ (violence & profanity),8.79,31.0,481,167218,4683,,Studio Deen,"Action, Historical, Drama, Romance"
Monogatari Series: Second Season,TV,26,R - 17+ (violence & profanity),8.77,32.0,207,303614,11893,Summer 2013,Shaft,"Mystery, Comedy, Romance"
Mushishi Zoku Shou,TV,10,PG-13 - Teens 13 or older,8.77,33.0,569,145925,894,Spring 2014,Artland,"Adventure, Slice of Life, Mystery, Historical, Fantasy, Seinen"
Ookami Kodomo no Ame to Yuki,Movie,1,PG - Children,8.77,34.0,148,357883,7087,,Studio Chizu,"Slice of Life, Fantasy"
Boku no Hero Academia 2nd Season,TV,25,PG-13 - Teens 13 or older,8.76,35.0,57,583016,11671,Spring 2017,Bones,"Action, Comedy, Shounen"
Boku no Hero Academia 3rd Season,TV,25,PG-13 - Teens 13 or older,8.75,36.0,233,282743,1942,Spring 2018,Bones,"Action, Comedy, Shounen"
Great Teacher Onizuka,TV,43,R - 17+ (violence & profanity),8.74,37.0,146,361027,14087,Summer 1999,Studio Pierrot,"Comedy, Drama, Shounen, Slice of Life"
Mushishi,TV,26,PG-13 - Teens 13 or older,8.74,38.0,115,408122,17988,Fall 2005,Artland,"Adventure, Fantasy, Historical, Mystery, Seinen, Slice of Life"
Natsume Yuujinchou Roku,TV,11,PG-13 - Teens 13 or older,8.74,39.0,1227,66232,519,Spring 2017,Shuka,"Drama, Fantasy, Shoujo, Slice of Life"
No Game No Life: Zero,Movie,1,PG-13 - Teens 13 or older,8.74,40.0,320,225372,3008,,Madhouse,"Comedy, Fantasy"
Tengen Toppa Gurren Lagann,TV,27,PG-13 - Teens 13 or older,8.74,41.0,24,787535,50040,Spring 2007,Gainax,"Action, Adventure, Comedy, Mecha, Sci-Fi"
Hajime no Ippo: New Challenger,TV,26,PG-13 - Teens 13 or older,8.73,42.0,663,126037,1074,Winter 2009,Madhouse,"Comedy, Sports, Drama, Shounen"
Howl no Ugoku Shiro,Movie,1,G - All Ages,8.73,43.0,89,481313,9753,,Studio Ghibli,"Adventure, Drama, Fantasy, Romance"
One Punch Man,TV,12,R - 17+ (violence & profanity),8.73,44.0,5,1020754,30747,Fall 2015,Madhouse,"Action, Sci-Fi, Comedy, Seinen"
Suzumiya Haruhi no Shoushitsu,Movie,1,PG-13 - Teens 13 or older,8.73,45.0,181,323704,8525,,Kyoto Animation,"Comedy, Mystery, Romance, Sci-Fi"
Natsume Yuujinchou Shi,TV,13,PG-13 - Teens 13 or older,8.72,46.0,633,132405,1394,Winter 2012,Brain&#039;s Base,"Slice of Life, Drama, Fantasy, Shoujo"
Mushishi Zoku Shou: Suzu no Shizuku,Movie,1,PG-13 - Teens 13 or older,8.71,47.0,1432,55411,124,,Artland,"Adventure, Fantasy, Historical, Mystery, Seinen, Slice of Life"
Kizumonogatari II: Nekketsu-hen,Movie,1,R - 17+ (violence & profanity),8.69,48.0,612,136327,771,,Shaft,"Action, Mystery"
Monster,TV,74,R+ - Mild Nudity,8.69,49.0,152,353310,17399,Spring 2004,Madhouse,"Drama, Horror, Mystery, Psychological, Seinen, Thriller"
Bakuman. 3rd Season,TV,25,PG-13 - Teens 13 or older,8.67,50.0,426,182765,2082,Fall 2012,J.C.Staff,"Comedy, Drama, Romance, Shounen"
Death Note,TV,37,R - 17+ (violence & profanity),8.67,51.0,1,1456378,88696,Fall 2006,Madhouse,"Mystery, Psychological, Thriller, Shounen"
Saiki Kusuo no Ψ-nan (TV) 2,TV,24,PG-13 - Teens 13 or older,8.67,52.0,1319,61570,473,Winter 2018,"J.C.Staff, Egg Firm","Slice of Life, Comedy, Shounen"
Ansatsu Kyoushitsu 2nd Season,TV,25,PG-13 - Teens 13 or older,8.66,53.0,134,380565,6715,Winter 2016,Lerche,"Action, Comedy, Shounen"
Fate/Zero 2nd Season,TV,12,R - 17+ (violence & profanity),8.66,54.0,81,500077,10953,Spring 2012,ufotable,"Action, Fantasy"
Hajime no Ippo: Rising,TV,25,PG-13 - Teens 13 or older,8.66,55.0,845,102952,650,Fall 2013,"Madhouse, MAPPA","Comedy, Sports, Drama, Shounen"
Pingu in the City,TV,26,G - All Ages,8.66,56.0,2546,21890,634,Fall 2017,Polygon Pictures,"Slice of Life, Comedy, Kids"
Haikyuu!!,TV,25,PG-13 - Teens 13 or older,8.65,57.0,86,483501,23743,Spring 2014,Production I.G,"Comedy, Drama, Shounen, Sports"
Natsume Yuujinchou San,TV,13,PG-13 - Teens 13 or older,8.65,58.0,596,139161,983,Summer 2011,Brain&#039;s Base,"Drama, Fantasy, Shoujo, Slice of Life"
Ping Pong The Animation,TV,11,PG-13 - Teens 13 or older,8.65,58.0,563,146861,7036,Spring 2014,Tatsunoko Production,"Sports, Psychological, Drama, Seinen"
Sora yori mo Tooi Basho,TV,13,PG-13 - Teens 13 or older,8.65,60.0,765,113465,2494,Winter 2018,Madhouse,"Slice of Life, Adventure"
Yojouhan Shinwa Taikei,TV,11,R - 17+ (violence & profanity),8.65,61.0,421,183571,9442,Spring 2010,Madhouse,"Mystery, Comedy, Psychological, Romance"
Mushishi Special: Hihamukage,Special,1,PG-13 - Teens 13 or older,8.64,62.0,1201,67787,100,,Artland,"Adventure, Slice of Life, Mystery, Historical, Fantasy, Seinen"
Natsume Yuujinchou Go,TV,11,PG-13 - Teens 13 or older,8.64,63.0,1038,80448,459,Fall 2016,Shuka,"Slice of Life, Drama, Fantasy, Shoujo"
JoJo no Kimyou na Bouken: Diamond wa Kudakenai,TV,39,R - 17+ (violence & profanity),8.63,64.0,432,181435,7188,Spring 2016,David Production,"Action, Adventure, Comedy, Drama, Shounen"
Kara no Kyoukai 5: Mujun Rasen,Movie,1,R - 17+ (violence & profanity),8.63,65.0,594,139495,2994,,ufotable,"Action, Mystery, Drama, Romance, Thriller"
Shouwa Genroku Rakugo Shinjuu,TV,13,PG-13 - Teens 13 or older,8.63,66.0,590,141260,3259,Winter 2016,Studio Deen,"Drama, Historical, Josei"
Tengen Toppa Gurren Lagann Movie 2: Lagann-hen,Movie,1,R+ - Mild Nudity,8.62,67.0,759,114333,551,,Gainax,"Action, Sci-Fi, Mecha"
Zoku Natsume Yuujinchou,TV,13,PG-13 - Teens 13 or older,8.62,68.0,558,147299,1212,Winter 2009,Brain&#039;s Base,"Drama, Fantasy, Shoujo, Slice of Life"
Ashita no Joe 2,TV,47,PG-13 - Teens 13 or older,8.6,69.0,3364,12457,529,Fall 1980,Tokyo Movie Shinsha,"Action, Drama, Shounen, Slice of Life, Sports"
Aria The Origination,TV,13,G - All Ages,8.59,70.0,1158,71049,2981,Winter 2008,Hal Film Maker,"Fantasy, Sci-Fi, Shounen, Slice of Life"
Gintama.: Porori-hen,TV,13,PG-13 - Teens 13 or older,8.59,71.0,1464,53820,450,Fall 2017,Bandai Namco Pictures,"Action, Sci-Fi, Comedy, Historical, Shounen"
Rainbow: Nisha Rokubou no Shichinin,TV,26,R - 17+ (violence & profanity),8.59,72.0,384,196494,5199,Spring 2010,Madhouse,"Drama, Historical, Seinen, Thriller"
Violet Evergarden,TV,13,PG-13 - Teens 13 or older,8.59,73.0,157,346230,6071,Winter 2018,Kyoto Animation,"Slice of Life, Drama, Fantasy"
Shokugeki no Souma: San no Sara - Toutsuki Ressha-hen,TV,0,PG-13 - Teens 13 or older,8.58,74.0,599,138614,568,Spring 2018,J.C.Staff,Shounen
Steins;Gate Movie: Fuka Ryouiki no Déjà vu,Movie,1,PG-13 - Teens 13 or older,8.58,75.0,232,282422,1417,,White Fox,"Sci-Fi, Drama"
Gintama Movie 1: Shinyaku Benizakura-hen,Movie,1,R - 17+ (violence & profanity),8.57,76.0,1138,72334,324,,Sunrise,"Action, Sci-Fi, Comedy, Historical, Shounen"
Boku dake ga Inai Machi,TV,12,R - 17+ (violence & profanity),8.56,77.0,40,699351,21248,Winter 2016,A-1 Pictures,"Mystery, Psychological, Seinen"
JoJo no Kimyou na Bouken: Stardust Crusaders 2nd Season,TV,24,R - 17+ (violence & profanity),8.56,78.0,400,190689,4468,Winter 2015,David Production,"Action, Adventure, Drama, Shounen"
Saiki Kusuo no Ψ-nan (TV),TV,120,PG-13 - Teens 13 or older,8.56,79.0,580,144096,2969,Summer 2016,"J.C.Staff, Egg Firm","Slice of Life, Comedy, Shounen"
Uchuu Kyoudai,TV,99,PG-13 - Teens 13 or older,8.56,80.0,881,98864,2503,Spring 2012,A-1 Pictures,"Comedy, Sci-Fi, Seinen, Slice of Life"
Ano Hi Mita Hana no Namae wo Bokutachi wa Mada Shiranai.,TV,11,PG-13 - Teens 13 or older,8.55,81.0,45,661053,21155,Spring 2011,A-1 Pictures,"Slice of Life, Drama"
Ghost in the Shell: Stand Alone Complex 2nd GIG,TV,26,R - 17+ (violence & profanity),8.55,82.0,545,149392,2392,Winter 2004,Production I.G,"Action, Sci-Fi, Mystery, Mecha, Seinen"
Hotaru no Haka,Movie,1,PG-13 - Teens 13 or older,8.55,83.0,284,245639,2921,,Studio Ghibli,"Drama, Historical"
Hotarubi no Mori e,Movie,1,G - All Ages,8.55,84.0,196,312545,5582,,Brain&#039;s Base,"Drama, Romance, Shoujo"
Shokugeki no Souma,TV,24,PG-13 - Teens 13 or older,8.55,85.0,54,612996,15394,Spring 2015,J.C.Staff,Shounen
Slam Dunk,TV,101,PG-13 - Teens 13 or older,8.55,86.0,753,114837,3423,Fall 1993,Toei Animation,"Comedy, Sports, Drama, Shounen"
Kamisama Hajimemashita: Kako-hen,OVA,4,PG-13 - Teens 13 or older,8.54,87.0,1305,62185,517,,TMS Entertainment,"Comedy, Romance, Fantasy, Shoujo"
Kuroko no Basket 3rd Season,TV,25,PG-13 - Teens 13 or older,8.54,88.0,226,287422,3360,Winter 2015,Production I.G,"Comedy, Sports, Shounen"
Kuroshitsuji Movie: Book of the Atlantic,Movie,1,R - 17+ (violence & profanity),8.54,89.0,1327,61295,564,,A-1 Pictures,"Action, Comedy, Historical, Fantasy"
Major S5,TV,25,PG-13 - Teens 13 or older,8.54,90.0,1835,38181,435,Winter 2009,SynergySP,"Comedy, Drama, Romance, Sports"
One Piece,TV,0,PG-13 - Teens 13 or older,8.54,91.0,35,720133,69760,Fall 1999,Toei Animation,"Action, Adventure, Comedy, Drama, Fantasy, Shounen"
Hellsing Ultimate,OVA,10,R - 17+ (violence & profanity),8.53,92.0,105,425255,13450,,"Madhouse, Satelight, Graphinica","Action, Horror, Seinen"
Gintama: Yorinuki Gintama-san on Theater 2D,Movie,2,PG-13 - Teens 13 or older,8.52,93.0,2773,18414,32,,Sunrise,"Action, Sci-Fi, Comedy, Historical, Shounen"
Kiseijuu: Sei no Kakuritsu,TV,24,R - 17+ (violence & profanity),8.52,94.0,42,676816,15963,Fall 2014,Madhouse,"Action, Sci-Fi, Horror, Psychological, Drama, Seinen"
Kara no Kyoukai 7: Satsujin Kousatsu (Kou),Movie,1,R - 17+ (violence & profanity),8.52,94.0,707,120714,1446,,ufotable,"Action, Mystery, Romance, Thriller"
Mushishi Zoku Shou: Odoro no Michi,Special,1,PG-13 - Teens 13 or older,8.52,95.0,1548,49099,60,,Artland,"Adventure, Slice of Life, Mystery, Historical, Fantasy, Seinen"
Nichijou,TV,26,PG-13 - Teens 13 or older,8.52,96.0,136,377617,12447,Spring 2011,Kyoto Animation,"Slice of Life, Comedy"
Usagi Drop,TV,11,PG-13 - Teens 13 or older,8.52,97.0,256,267477,4705,Summer 2011,Production I.G,"Josei, Slice of Life"
Kingdom 2nd Season,TV,39,R - 17+ (violence & profanity),8.51,99.0,1621,45807,503,Summer 2013,Studio Pierrot,"Action, Historical, Seinen"
Mob Psycho 100,TV,12,PG-13 - Teens 13 or older,8.51,100.0,84,485074,8926,Summer 2016,Bones,"Action, Slice of Life, Comedy"
Nana,TV,47,R+ - Mild Nudity,8.51,101.0,262,262266,12291,Spring 2006,Madhouse,"Music, Slice of Life, Comedy, Drama, Romance, Shoujo"
Bakemono no Ko,Movie,1,PG-13 - Teens 13 or older,8.5,102.0,482,166887,1755,,Studio Chizu,Adventure
Cross Game,TV,50,PG-13 - Teens 13 or older,8.5,102.0,1167,70545,2114,Spring 2009,SynergySP,"Comedy, Drama, Romance, Sports"
Gintama°: Aizome Kaori-hen,OVA,2,PG-13 - Teens 13 or older,8.5,104.0,1979,33488,87,,Bandai Namco Pictures,Comedy
Samurai Champloo,TV,26,R - 17+ (violence & profanity),8.5,105.0,67,544112,19501,Spring 2004,Manglobe,"Action, Adventure, Comedy, Historical, Shounen"
Shokugeki no Souma: San no Sara,TV,12,PG-13 - Teens 13 or older,8.5,106.0,282,248061,1817,Fall 2017,J.C.Staff,Shounen
Baccano!,TV,13,R - 17+ (violence & profanity),8.49,107.0,87,482078,17790,Summer 2007,Brain&#039;s Base,"Action, Mystery, Comedy, Historical"
Bakuman. 2nd Season,TV,25,PG-13 - Teens 13 or older,8.49,108.0,374,201720,1023,Fall 2011,J.C.Staff,"Comedy, Drama, Romance, Shounen"
Kuroko no Basket 2nd Season,TV,25,PG-13 - Teens 13 or older,8.49,109.0,153,351815,3575,Fall 2013,Production I.G,"Comedy, Sports, Shounen"
Shingeki no Kyojin,TV,25,R - 17+ (violence & profanity),8.49,110.0,2,1345842,64032,Spring 2013,Wit Studio,"Action, Mystery, Drama, Fantasy, Shounen"
Shinsekai yori,TV,25,R - 17+ (violence & profanity),8.49,111.0,114,409878,16486,Fall 2012,A-1 Pictures,"Sci-Fi, Mystery, Horror, Psychological, Drama"
Houseki no Kuni (TV),TV,12,PG-13 - Teens 13 or older,8.48,112.0,651,129354,2995,Fall 2017,Orange,"Action, Mystery, Drama, Fantasy, Seinen"
Neon Genesis Evangelion: The End of Evangelion,Movie,1,R+ - Mild Nudity,8.48,113.0,216,295923,8159,,"Gainax, Production I.G","Sci-Fi, Psychological, Drama, Mecha"
Yuu☆Yuu☆Hakusho,TV,112,PG-13 - Teens 13 or older,8.48,114.0,246,272713,10968,Fall 1992,Studio Pierrot,"Action, Comedy, Shounen"
Barakamon,TV,12,PG-13 - Teens 13 or older,8.47,115.0,176,327825,7379,Summer 2014,Kinema Citrus,"Comedy, Slice of Life"
Chihayafuru 2,TV,25,PG-13 - Teens 13 or older,8.47,116.0,757,114340,1116,Winter 2013,Madhouse,"Drama, Josei, Slice of Life, Sports"
Detective Conan: Episode One - The Great Detective Turned Small,Special,1,PG-13 - Teens 13 or older,8.47,117.0,3629,10341,36,,TMS Entertainment,"Adventure, Mystery, Comedy, Shounen"
Fate/stay night Movie: Heaven&#039;s Feel - I. Presage Flower,Movie,1,R - 17+ (violence & profanity),8.47,118.0,853,103970,694,,ufotable,"Action, Fantasy"
Hunter x Hunter,TV,62,PG-13 - Teens 13 or older,8.47,118.0,310,229341,5933,Fall 1999,Nippon Animation,"Action, Adventure, Shounen"
Kaze no Tani no Nausicaä,Movie,1,PG-13 - Teens 13 or older,8.47,120.0,407,188165,2525,,"Studio Ghibli, Studio Hibari","Adventure, Fantasy"
Mahou Shoujo Madoka★Magica Movie 3: Hangyaku no Monogatari,Movie,1,PG-13 - Teens 13 or older,8.47,120.0,403,189081,4922,,Shaft,"Psychological, Drama, Thriller"
Natsume Yuujinchou Roku Specials,Special,2,PG-13 - Teens 13 or older,8.47,122.0,3294,13105,22,,Shuka,"Slice of Life, Drama, Fantasy, Shoujo"
Shingeki no Kyojin Season 2,TV,12,R - 17+ (violence & profanity),8.47,123.0,46,649713,7435,Spring 2017,Wit Studio,"Action, Mystery, Drama, Fantasy, Shounen"
Ghost in the Shell: Stand Alone Complex,TV,26,R - 17+ (violence & profanity),8.46,124.0,273,252003,6744,Fall 2002,Production I.G,"Action, Sci-Fi, Mecha, Seinen"
Mahou Shoujo Madoka★Magica,TV,12,PG-13 - Teens 13 or older,8.46,125.0,50,635296,34352,Winter 2011,Shaft,"Drama, Psychological, Thriller"
Major: World Series,OVA,2,PG-13 - Teens 13 or older,8.46,127.0,2742,18911,71,,SynergySP,"Comedy, Drama, Sports"
Major S6,TV,25,PG-13 - Teens 13 or older,8.46,127.0,1985,33211,307,Spring 2010,SynergySP,"Comedy, Drama, Sports"
Mobile Suit Gundam: The Origin,OVA,6,R+ - Mild Nudity,8.46,128.0,2189,28224,240,,Sunrise,"Action, Sci-Fi, Mecha, Shounen"
Mononoke,TV,12,R - 17+ (violence & profanity),8.46,129.0,664,126093,3700,Summer 2007,Toei Animation,"Mystery, Historical, Horror, Psychological, Fantasy, Seinen"
Shokugeki no Souma: Ni no Sara,TV,13,PG-13 - Teens 13 or older,8.46,130.0,127,392336,2322,Summer 2016,J.C.Staff,Shounen
Uchuu Senkan Yamato 2199,OVA,26,PG-13 - Teens 13 or older,8.46,131.0,1282,63676,1228,,"Xebec, AIC","Action, Sci-Fi, Drama"
Kenpuu Denki Berserk,TV,25,R+ - Mild Nudity,8.45,132.0,210,302027,12562,Fall 1997,OLM,"Action, Adventure, Drama, Fantasy, Horror, Romance, Seinen"
Mahou Shoujo Madoka★Magica Movie 2: Eien no Monogatari,Movie,1,PG-13 - Teens 13 or older,8.45,133.0,763,113601,403,,Shaft,"Drama, Psychological, Thriller"
Romeo no Aoi Sora,TV,33,PG-13 - Teens 13 or older,8.45,134.0,2528,22086,318,Winter 1995,Nippon Animation,"Adventure, Drama, Historical, Slice of Life"
Psycho-Pass,TV,22,R - 17+ (violence & profanity),8.45,134.0,29,751118,24112,Fall 2012,Production I.G,"Action, Psychological, Sci-Fi"
Tonari no Totoro,Movie,1,G - All Ages,8.45,135.0,118,404788,4194,,Studio Ghibli,"Adventure, Comedy"
Boku no Hero Academia,TV,13,PG-13 - Teens 13 or older,8.44,137.0,27,763973,19712,Spring 2016,Bones,"Action, Comedy, Shounen"
Evangelion: 2.0 You Can (Not) Advance,Movie,1,PG-13 - Teens 13 or older,8.44,138.0,295,235868,2176,,Khara,"Action, Sci-Fi, Mecha"
Fate/Zero,TV,13,R - 17+ (violence & profanity),8.44,139.0,43,666060,21019,Fall 2011,ufotable,"Action, Fantasy"
Katanagatari,TV,12,R - 17+ (violence & profanity),8.44,139.0,228,285735,7786,Winter 2010,White Fox,"Action, Adventure, Historical, Romance"
Kino no Tabi: The Beautiful World,TV,13,R - 17+ (violence & profanity),8.44,140.0,560,146987,4620,Spring 2003,A.C.G.T.,"Action, Adventure, Slice of Life, Psychological"
Magi: The Kingdom of Magic,TV,25,PG-13 - Teens 13 or older,8.44,142.0,140,372549,5561,Fall 2013,A-1 Pictures,"Action, Adventure, Fantasy, Shounen"
Megalo Box,TV,13,R - 17+ (violence & profanity),8.44,143.0,855,102178,324,Spring 2018,TMS Entertainment,"Action, Drama, Sci-Fi, Shounen, Slice of Life, Sports"
Owarimonogatari,TV,12,R - 17+ (violence & profanity),8.44,144.0,393,192246,1178,Fall 2015,Shaft,"Mystery, Comedy"
Sakamichi no Apollon,TV,12,PG-13 - Teens 13 or older,8.44,145.0,390,192993,4600,Spring 2012,"Tezuka Productions, MAPPA","Drama, Josei, Music, Romance"
Shirobako,TV,24,PG-13 - Teens 13 or older,8.44,146.0,325,222690,4590,Fall 2014,P.A. Works,"Comedy, Drama"
Steins;Gate: Oukoubakko no Poriomania,Special,1,PG-13 - Teens 13 or older,8.44,146.0,328,221373,554,,White Fox,"Sci-Fi, Comedy, Thriller"
3-gatsu no Lion,TV,22,PG-13 - Teens 13 or older,8.43,148.0,391,192932,3918,Fall 2016,Shaft,"Slice of Life, Drama, Seinen"
Doukyuusei (Movie),Movie,1,PG-13 - Teens 13 or older,8.43,149.0,1242,65571,1543,,A-1 Pictures,"Slice of Life, Romance"
Kizumonogatari I: Tekketsu-hen,Movie,1,R - 17+ (violence & profanity),8.43,150.0,392,192398,1025,,Shaft,Mystery
Kemono no Souja Erin,TV,50,PG-13 - Teens 13 or older,8.43,150.0,1544,49279,1098,Winter 2009,"Production I.G, Trans Arts","Drama, Fantasy, Slice of Life"
Ookami to Koushinryou II,TV,12,PG-13 - Teens 13 or older,8.43,151.0,240,275634,3185,Summer 2009,"Brain&#039;s Base, Marvy Jack","Adventure, Historical, Romance, Fantasy"
Re:Zero kara Hajimeru Isekai Seikatsu,TV,25,R - 17+ (violence & profanity),8.43,153.0,36,720575,27120,Spring 2016,White Fox,"Psychological, Drama, Thriller, Fantasy"
Diamond no Ace: Second Season,TV,51,PG-13 - Teens 13 or older,8.42,153.0,1384,57673,610,Spring 2015,"Production I.G, Madhouse","Comedy, Sports, Shounen"
Girls & Panzer Movie,Movie,1,PG-13 - Teens 13 or older,8.42,155.0,1626,45725,763,,Actas,Sports
Shingeki no Kyojin: Kuinaki Sentaku,OVA,2,R - 17+ (violence & profanity),8.42,156.0,504,159538,944,,Wit Studio,"Action, Fantasy, Shoujo"
Cowboy Bebop: Tengoku no Tobira,Movie,1,R - 17+ (violence & profanity),8.41,157.0,438,180246,706,,Bones,"Action, Drama, Mystery, Sci-Fi"
Detective Conan Movie 06: The Phantom of Baker Street,Movie,1,PG-13 - Teens 13 or older,8.41,158.0,1833,38184,107,,TMS Entertainment,"Adventure, Mystery, Shounen"
JoJo no Kimyou na Bouken (TV),TV,26,R - 17+ (violence & profanity),8.41,159.0,166,339574,12556,Fall 2012,David Production,"Action, Adventure, Shounen"
Nanatsu no Taizai: Imashime no Fukkatsu,TV,24,PG-13 - Teens 13 or older,8.41,160.0,349,213740,1623,Winter 2018,A-1 Pictures,"Action, Adventure, Fantasy, Shounen"
Natsume Yuujinchou: Itsuka Yuki no Hi ni,OVA,1,PG-13 - Teens 13 or older,8.41,161.0,1736,41409,73,,Brain&#039;s Base,"Drama, Fantasy, Shoujo, Slice of Life"
No Game No Life,TV,12,PG-13 - Teens 13 or older,8.41,162.0,11,970460,31782,Spring 2014,Madhouse,"Adventure, Comedy, Fantasy"
Nodame Cantabile,TV,23,PG-13 - Teens 13 or older,8.41,163.0,381,198927,4443,Winter 2007,J.C.Staff,"Music, Slice of Life, Comedy, Drama, Romance, Josei"
Noragami Aragoto,TV,13,PG-13 - Teens 13 or older,8.41,164.0,66,545009,7040,Fall 2015,Bones,"Action, Adventure, Comedy, Shounen"
Shelter,Music,1,G - All Ages,8.41,165.0,508,158435,1725,,A-1 Pictures,"Sci-Fi, Music"
Fate/stay night: Unlimited Blade Works 2nd Season,TV,13,R - 17+ (violence & profanity),8.4,166.0,169,335814,3954,Spring 2015,ufotable,"Action, Fantasy"
One Outs,TV,25,PG-13 - Teens 13 or older,8.4,167.0,743,115740,2305,Fall 2008,Madhouse,"Sports, Psychological, Seinen"
Rurouni Kenshin: Meiji Kenkaku Romantan,TV,94,PG-13 - Teens 13 or older,8.4,168.0,240,275431,8137,Winter 1996,"Studio Gallop, Studio Deen","Action, Adventure, Comedy, Historical, Romance"
Stranger: Mukou Hadan,Movie,1,R - 17+ (violence & profanity),8.4,169.0,463,173994,2064,,Bones,"Action, Adventure, Historical"
Tsubasa: Tokyo Revelations,OVA,3,R - 17+ (violence & profanity),8.4,170.0,1209,67171,830,,Production I.G,"Action, Adventure, Drama, Romance, Fantasy, Shounen"
Hunter x Hunter: Yorkshin City Kanketsu-hen,OVA,8,PG-13 - Teens 13 or older,8.39,171.0,1198,67870,275,,Nippon Animation,"Action, Adventure, Shounen"
Kono Sekai no Katasumi ni,Movie,1,PG-13 - Teens 13 or older,8.38,172.0,1540,49814,293,,MAPPA,"Historical, Drama, Seinen"
Natsume Yuujinchou,TV,13,PG-13 - Teens 13 or older,8.39,173.0,229,285728,10205,Summer 2008,Brain&#039;s Base,"Slice of Life, Drama, Fantasy, Shoujo"
Toradora!,TV,25,PG-13 - Teens 13 or older,8.39,174.0,13,910373,35322,Fall 2008,J.C.Staff,"Slice of Life, Comedy, Romance"
Hunter x Hunter: Greed Island Final,OVA,14,PG-13 - Teens 13 or older,8.38,175.0,1145,72065,195,,Nippon Animation,"Action, Adventure, Shounen"
Major S1,TV,26,PG-13 - Teens 13 or older,8.38,176.0,1456,54049,908,Fall 2004,Studio Hibari,"Comedy, Sports, Drama, Shounen"
Natsume Yuujinchou Go Specials,Special,2,PG-13 - Teens 13 or older,8.38,177.0,2960,16251,32,,Shuka,"Slice of Life, Drama, Fantasy, Shoujo"
NHK ni Youkoso!,TV,24,R+ - Mild Nudity,8.38,178.0,132,384164,15923,Summer 2006,Gonzo,"Comedy, Psychological, Drama, Romance"
Tenkuu no Shiro Laputa,Movie,1,PG - Children,8.38,179.0,364,204958,1811,,Studio Ghibli,"Adventure, Fantasy, Romance, Sci-Fi"
Versailles no Bara,TV,40,PG-13 - Teens 13 or older,8.38,180.0,1664,44207,1660,Fall 1979,Tokyo Movie Shinsha,"Historical, Drama, Romance, Shoujo"
Beck,TV,26,R - 17+ (violence & profanity),8.37,181.0,414,184685,5739,Fall 2004,Madhouse,"Comedy, Drama, Music, Shounen, Slice of Life"
Gintama: Shiroyasha Koutan,Special,1,PG-13 - Teens 13 or older,8.37,182.0,1894,36235,63,,Sunrise,"Action, Sci-Fi, Comedy, Historical"
Hajime no Ippo: Champion Road,Special,1,PG-13 - Teens 13 or older,8.37,183.0,1262,64556,149,,Madhouse,"Comedy, Shounen, Sports"
Kuroko no Basket,TV,25,PG-13 - Teens 13 or older,8.37,183.0,85,483829,15372,Spring 2012,Production I.G,"Comedy, Shounen, Sports"
Detective Conan Movie 13: The Raven Chaser,Movie,1,PG-13 - Teens 13 or older,8.36,186.0,2137,29479,45,,Tokyo Movie Shinsha,"Action, Mystery, Shounen"
Kono Subarashii Sekai ni Shukufuku wo! 2,TV,10,PG-13 - Teens 13 or older,8.36,186.0,112,417656,4646,Winter 2017,Studio Deen,"Adventure, Comedy, Fantasy"
Major S2,TV,26,PG-13 - Teens 13 or older,8.36,188.0,1778,39997,229,Winter 2006,Studio Hibari,"Comedy, Drama, Shounen, Sports"
Major S3,TV,26,PG-13 - Teens 13 or older,8.36,189.0,1824,38471,265,Winter 2007,Studio Hibari,"Drama, Shounen, Sports"
Planetes,TV,26,PG-13 - Teens 13 or older,8.36,190.0,599,138479,2854,Fall 2003,Sunrise,"Drama, Romance, Sci-Fi, Seinen"
Quanzhi Gaoshou (2018),ONA,3,PG-13 - Teens 13 or older,8.36,190.0,2461,23402,73,,,Action
Bakemonogatari,TV,15,R - 17+ (violence & profanity),8.35,191.0,44,663591,27088,Summer 2009,Shaft,"Romance, Mystery"
Ghost in the Shell,Movie,1,R+ - Mild Nudity,8.35,192.0,174,329663,7755,,Production I.G,"Action, Sci-Fi, Psychological, Mecha, Seinen"
Higurashi no Naku Koro ni Kai,TV,24,R - 17+ (violence & profanity),8.35,193.0,251,271169,5221,Summer 2007,Studio Deen,"Mystery, Psychological, Thriller"
Toki wo Kakeru Shoujo,Movie,1,PG - Children,8.35,194.0,113,411479,4395,,Madhouse,"Sci-Fi, Adventure, Drama, Romance"
Tsuki ga Kirei,TV,12,PG-13 - Teens 13 or older,8.35,195.0,474,169916,3365,Spring 2017,feel.,Romance
Yuru Camp△,TV,12,PG-13 - Teens 13 or older,8.35,195.0,777,111440,1693,Winter 2018,C-Station,"Slice of Life, Comedy"
Ballroom e Youkoso,TV,24,PG-13 - Teens 13 or older,8.34,196.0,707,121044,1353,Summer 2017,Production I.G,"Comedy, Sports, Drama, Romance, Shounen"
Danshi Koukousei no Nichijou,TV,12,PG-13 - Teens 13 or older,8.34,197.0,139,373647,8046,Winter 2012,Sunrise,"Slice of Life, Comedy"
Fate/stay night: Unlimited Blade Works,TV,12,R - 17+ (violence & profanity),8.34,198.0,108,420948,7860,Fall 2014,ufotable,"Action, Fantasy"
Hachimitsu to Clover II,TV,12,PG-13 - Teens 13 or older,8.34,199.0,1148,71737,858,Summer 2006,J.C.Staff,"Drama, Josei, Romance, Slice of Life"
K-On! Movie,Movie,1,PG-13 - Teens 13 or older,8.34,201.0,534,151195,1216,,Kyoto Animation,"Music, Slice of Life, Comedy"
Kuroshitsuji: Book of Murder,OVA,2,R - 17+ (violence & profanity),8.34,201.0,808,107181,856,,A-1 Pictures,"Comedy, Fantasy, Historical, Mystery, Shounen"
Nodame Cantabile Finale,TV,11,PG-13 - Teens 13 or older,8.34,203.0,995,84808,381,Winter 2010,J.C.Staff,"Comedy, Josei, Music, Romance"
Ookami to Koushinryou,TV,13,PG-13 - Teens 13 or older,8.34,204.0,100,442354,13201,Winter 2008,Imagin,"Adventure, Fantasy, Historical, Romance"
Ouran Koukou Host Club,TV,26,PG-13 - Teens 13 or older,8.34,205.0,69,538843,24072,Spring 2006,Bones,"Comedy, Romance, Shoujo"
Yoru wa Mijikashi Arukeyo Otome,Movie,1,R+ - Mild Nudity,8.34,206.0,2300,26034,320,,Science SARU,"Comedy, Romance"
Gintama: Shinyaku Benizakura-hen,Special,1,PG-13 - Teens 13 or older,8.33,207.0,2673,19977,35,,Sunrise,"Action, Comedy, Historical, Sci-Fi, Shounen"
Gin no Saji 2nd Season,TV,11,PG-13 - Teens 13 or older,8.33,207.0,967,87685,448,Winter 2014,A-1 Pictures,"Comedy, Shounen, Slice of Life"
Kuroshitsuji: Book of Circus,TV,10,R - 17+ (violence & profanity),8.33,209.0,447,178102,2495,Summer 2014,A-1 Pictures,"Comedy, Fantasy, Historical, Shounen"
Major: Message,OVA,1,PG-13 - Teens 13 or older,8.33,209.0,2906,16857,43,,SynergySP,"Comedy, Drama, Sports"
One Piece Film: Strong World,Movie,1,PG-13 - Teens 13 or older,8.33,210.0,755,114843,362,,Toei Animation,"Action, Adventure, Comedy, Drama, Fantasy, Shounen"
Sakurasou no Pet na Kanojo,TV,24,PG-13 - Teens 13 or older,8.33,212.0,65,555373,18044,Fall 2012,J.C.Staff,"Comedy, Drama, Romance, Slice of Life"
Redline,Movie,1,R+ - Mild Nudity,8.33,212.0,511,157591,2411,,Madhouse,"Action, Sci-Fi, Sports"
SKET Dance,TV,77,PG-13 - Teens 13 or older,8.33,213.0,646,130264,2474,Spring 2011,Tatsunoko Production,"Comedy, Shounen"
Steins;Gate: Kyoukaimenjou no Missing Link - Divide By Zero,Special,1,PG-13 - Teens 13 or older,8.33,215.0,982,86477,195,,White Fox,"Sci-Fi, Thriller"
Bakuman.,TV,25,PG-13 - Teens 13 or older,8.32,216.0,172,332666,6846,Fall 2010,J.C.Staff,"Comedy, Drama, Romance, Shounen"
Bungou Stray Dogs 2nd Season,TV,12,R - 17+ (violence & profanity),8.32,217.0,370,203192,2096,Fall 2016,Bones,"Action, Mystery, Seinen"
Gyakkyou Burai Kaiji: Ultimate Survivor,TV,26,R - 17+ (violence & profanity),8.32,218.0,555,147559,4856,Fall 2007,Madhouse,"Psychological, Seinen, Thriller"
InuYasha: Kanketsu-hen,TV,26,PG-13 - Teens 13 or older,8.32,219.0,626,133736,1443,Fall 2009,Sunrise,"Action, Adventure, Comedy, Historical, Romance, Fantasy, Shounen"
Kaguya-hime no Monogatari,Movie,1,G - All Ages,8.32,220.0,1106,74970,779,,Studio Ghibli,"Fantasy, Historical"
Little Busters!: Refrain,TV,13,PG-13 - Teens 13 or older,8.32,221.0,901,95604,1649,Fall 2013,J.C.Staff,"Comedy, Drama, Romance, Slice of Life"
Major S4,TV,26,PG-13 - Teens 13 or older,8.32,222.0,1886,36476,151,Winter 2008,SynergySP,"Sports, Comedy, Drama, Shounen"
Neon Genesis Evangelion,TV,26,PG-13 - Teens 13 or older,8.32,223.0,48,641101,41098,Fall 1995,"Gainax, Tatsunoko Production","Action, Sci-Fi, Psychological, Drama, Mecha"
One Piece Film: Z,Movie,1,PG-13 - Teens 13 or older,8.32,224.0,784,110091,401,,Toei Animation,"Action, Adventure, Comedy, Drama, Fantasy, Shounen"
Perfect Blue,Movie,1,R+ - Mild Nudity,8.32,225.0,433,180949,3580,,Madhouse,"Horror, Psychological, Drama"
Sennen Joyuu,Movie,1,PG-13 - Teens 13 or older,8.32,226.0,1041,79777,1251,,Madhouse,"Action, Adventure, Historical, Drama, Romance, Fantasy"
Angel Beats!,TV,13,PG-13 - Teens 13 or older,8.31,227.0,7,1010771,36456,Spring 2010,P.A. Works,"Action, Comedy, Drama"
Dragon Ball Z,TV,291,PG-13 - Teens 13 or older,8.31,228.0,70,534974,21295,Spring 1989,Toei Animation,"Action, Adventure, Comedy, Fantasy, Shounen"
Initial D Final Stage,TV,4,PG-13 - Teens 13 or older,8.31,229.0,1789,39616,267,Spring 2014,SynergySP,"Seinen, Sports"
Katekyo Hitman Reborn!,TV,203,PG-13 - Teens 13 or older,8.31,230.0,173,332312,13899,Fall 2006,Artland,"Action, Comedy, Shounen"
Kyoukai no Kanata Movie 2: I&#039;ll Be Here - Mirai-hen,Movie,1,PG-13 - Teens 13 or older,8.31,231.0,827,105435,646,,Kyoto Animation,"Slice of Life, Fantasy"
Mobile Suit Gundam Unicorn,OVA,7,PG-13 - Teens 13 or older,8.31,232.0,1481,52688,1066,,Sunrise,"Action, Drama, Mecha, Sci-Fi"
Tokyo Godfathers,Movie,1,PG-13 - Teens 13 or older,8.31,233.0,679,124236,993,,Madhouse,"Comedy, Drama"
Trigun,TV,26,PG-13 - Teens 13 or older,8.31,234.0,138,373877,9795,Spring 1998,Madhouse,"Action, Sci-Fi, Adventure, Comedy, Drama, Shounen"
Berserk: Ougon Jidai-hen III - Kourin,Movie,1,R+ - Mild Nudity,8.3,235.0,879,98959,717,,Studio 4°C,"Action, Adventure, Drama, Fantasy, Horror, Seinen"
Detective Conan Movie 20: The Darkest Nightmare,Movie,1,G - All Ages,8.3,236.0,3128,14475,58,,TMS Entertainment,"Action, Mystery, Shounen"
Hunter x Hunter: Greed Island,OVA,8,PG-13 - Teens 13 or older,8.3,237.0,1126,73480,215,,Nippon Animation,"Action, Adventure, Shounen"
Mahoutsukai no Yome,TV,24,PG-13 - Teens 13 or older,8.3,238.0,174,330533,4197,Fall 2017,Wit Studio,"Slice of Life, Fantasy, Shounen"
Mimi wo Sumaseba,Movie,1,G - All Ages,8.3,239.0,648,129945,1619,,Studio Ghibli,"Slice of Life, Drama, Romance, Shoujo"
ReLIFE: Kanketsu-hen,Special,4,PG-13 - Teens 13 or older,8.3,241.0,1068,77705,331,,TMS Entertainment,"Romance, Slice of Life"
xxxHOLiC Kei,TV,13,PG-13 - Teens 13 or older,8.3,241.0,944,89671,480,Spring 2008,Production I.G,"Mystery, Comedy, Psychological, Drama"
xxxHOLiC Rou,OVA,2,PG-13 - Teens 13 or older,8.3,242.0,1674,43955,142,,Production I.G,Mystery
Cardcaptor Sakura Movie 2: Fuuin Sareta Card,Movie,1,PG - Children,8.29,244.0,1091,75722,1195,,Madhouse,"Comedy, Drama, Fantasy, Romance, Shoujo"
Ashita no Joe,TV,79,PG-13 - Teens 13 or older,8.29,244.0,2154,29129,656,Spring 1970,Mushi Production,"Action, Drama, Shounen, Slice of Life, Sports"
Chihayafuru,TV,25,PG-13 - Teens 13 or older,8.29,246.0,348,213902,4524,Fall 2011,Madhouse,"Drama, Josei, Slice of Life, Sports"
Durarara!!,TV,24,R - 17+ (violence & profanity),8.29,247.0,30,745291,24657,Winter 2010,Brain&#039;s Base,"Action, Mystery"
Fullmetal Alchemist,TV,51,PG-13 - Teens 13 or older,8.29,247.0,21,791812,21753,Fall 2003,Bones,"Action, Adventure, Comedy, Drama, Fantasy, Shounen"
Hibike! Euphonium 2,TV,13,PG-13 - Teens 13 or older,8.29,248.0,890,97398,1208,Fall 2016,Kyoto Animation,"Music, Drama"
Kuroko no Basket Movie 4: Last Game,Movie,1,PG-13 - Teens 13 or older,8.29,249.0,1129,73291,473,,Production I.G,"Sports, Shounen"
Majo no Takkyuubin,Movie,1,G - All Ages,8.29,250.0,340,215744,2020,,"Studio Ghibli, Studio Hibari","Adventure, Comedy, Drama, Romance, Fantasy"
